day_utc,orbit_id,,daily_count
2025/9/3,1,,2
2025/9/4,1,,4
2025/9/5,1,,2
2025/9/6,1,,4
2025/9/7,1,,3
2025/9/8,1,,3
2025/9/9,1,,3
2025/9/10,1,,3
2025/9/11,1,,3
2025/9/12,1,,2
2025/9/13,1,,4
2025/9/14,1,,2
2025/9/15,1,,4
2025/9/16,1,,2
2025/9/17,1,,4
2025/9/18,1,,2
2025/9/19,1,,4
2025/9/20,1,,2
2025/9/21,1,,4
2025/9/22,1,,2
2025/9/23,1,,4
2025/9/24,1,,3
2025/9/25,1,,3
2025/9/26,1,,3
2025/9/27,1,,3
2025/9/28,1,,3
2025/9/29,1,,3
2025/9/30,1,,3
2025/10/1,1,,3
2025/10/2,1,,3
2025/10/3,1,,3
2025/10/4,1,,3
2025/10/5,1,,3
2025/10/6,1,,4
2025/10/7,1,,2
2025/10/8,1,,4
2025/10/9,1,,2
2025/10/10,1,,4
2025/10/11,1,,2
2025/10/12,1,,4
2025/10/13,1,,2
2025/10/14,1,,4
2025/10/15,1,,2
2025/10/16,1,,4
2025/10/17,1,,2
2025/10/18,1,,4
2025/10/19,1,,2
2025/10/20,1,,4
2025/10/21,1,,2
2025/10/22,1,,4
2025/10/23,1,,2
2025/10/24,1,,4
2025/10/25,1,,2
2025/10/26,1,,3
2025/10/27,1,,3
2025/10/28,1,,3
2025/10/29,1,,3
2025/10/30,1,,3
2025/10/31,1,,3
2025/11/1,1,,3
2025/11/2,1,,3
2025/9/3,2,,8
2025/9/4,2,,8
2025/9/5,2,,7
2025/9/6,2,,7
2025/9/7,2,,8
2025/9/8,2,,8
2025/9/9,2,,7
2025/9/10,2,,7
2025/9/11,2,,7
2025/9/12,2,,8
2025/9/13,2,,8
2025/9/14,2,,7
2025/9/15,2,,7
2025/9/16,2,,7
2025/9/17,2,,8
2025/9/18,2,,8
2025/9/19,2,,7
2025/9/20,2,,7
2025/9/21,2,,7
2025/9/22,2,,8
2025/9/23,2,,8
2025/9/24,2,,7
2025/9/25,2,,7
2025/9/26,2,,8
2025/9/27,2,,8
2025/9/28,2,,8
2025/9/29,2,,7
2025/9/30,2,,7
2025/10/1,2,,8
2025/10/2,2,,8
2025/10/3,2,,8
2025/10/4,2,,7
2025/10/5,2,,7
2025/10/6,2,,8
2025/10/7,2,,8
2025/10/8,2,,8
2025/10/9,2,,7
2025/10/10,2,,7
2025/10/11,2,,8
2025/10/12,2,,8
2025/10/13,2,,8
2025/10/14,2,,7
2025/10/15,2,,8
2025/10/16,2,,8
2025/10/17,2,,8
2025/10/18,2,,7
2025/10/19,2,,7
2025/10/20,2,,8
2025/10/21,2,,8
2025/10/22,2,,8
2025/10/23,2,,7
2025/10/24,2,,7
2025/10/25,2,,8
2025/10/26,2,,8
2025/10/27,2,,8
2025/10/28,2,,7
2025/10/29,2,,7
2025/10/30,2,,8
2025/10/31,2,,8
2025/11/1,2,,7
2025/11/2,2,,7
2025/9/3,3,,7
2025/9/4,3,,6
2025/9/5,3,,5
2025/9/6,3,,5
2025/9/7,3,,5
2025/9/8,3,,5
2025/9/9,3,,5
2025/9/10,3,,5
2025/9/11,3,,6
2025/9/12,3,,6
2025/9/13,3,,5
2025/9/14,3,,5
2025/9/15,3,,5
2025/9/16,3,,5
2025/9/17,3,,5
2025/9/18,3,,5
2025/9/19,3,,6
2025/9/20,3,,6
2025/9/21,3,,6
2025/9/22,3,,6
2025/9/23,3,,6
2025/9/24,3,,6
2025/9/25,3,,6
2025/9/26,3,,6
2025/9/27,3,,6
2025/9/28,3,,6
2025/9/29,3,,6
2025/9/30,3,,6
2025/10/1,3,,6
2025/10/2,3,,6
2025/10/3,3,,5
2025/10/4,3,,5
2025/10/5,3,,5
2025/10/6,3,,5
2025/10/7,3,,5
2025/10/8,3,,5
2025/10/9,3,,7
2025/10/10,3,,5
2025/10/11,3,,5
2025/10/12,3,,5
2025/10/13,3,,6
2025/10/14,3,,5
2025/10/15,3,,5
2025/10/16,3,,6
2025/10/17,3,,6
2025/10/18,3,,7
2025/10/19,3,,6
2025/10/20,3,,6
2025/10/21,3,,6
2025/10/22,3,,6
2025/10/23,3,,6
2025/10/24,3,,6
2025/10/25,3,,6
2025/10/26,3,,6
2025/10/27,3,,6
2025/10/28,3,,6
2025/10/29,3,,5
2025/10/30,3,,5
2025/10/31,3,,6
2025/11/1,3,,5
2025/11/2,3,,5
2025/9/3,4,,7
2025/9/4,4,,7
2025/9/5,4,,8
2025/9/6,4,,8
2025/9/7,4,,8
2025/9/8,4,,7
2025/9/9,4,,7
2025/9/10,4,,8
2025/9/11,4,,8
2025/9/12,4,,8
2025/9/13,4,,7
2025/9/14,4,,7
2025/9/15,4,,8
2025/9/16,4,,8
2025/9/17,4,,8
2025/9/18,4,,7
2025/9/19,4,,7
2025/9/20,4,,8
2025/9/21,4,,8
2025/9/22,4,,8
2025/9/23,4,,7
2025/9/24,4,,7
2025/9/25,4,,8
2025/9/26,4,,8
2025/9/27,4,,8
2025/9/28,4,,7
2025/9/29,4,,7
2025/9/30,4,,8
2025/10/1,4,,8
2025/10/2,4,,8
2025/10/3,4,,7
2025/10/4,4,,8
2025/10/5,4,,8
2025/10/6,4,,8
2025/10/7,4,,7
2025/10/8,4,,7
2025/10/9,4,,8
2025/10/10,4,,8
2025/10/11,4,,7
2025/10/12,4,,7
2025/10/13,4,,7
2025/10/14,4,,8
2025/10/15,4,,8
2025/10/16,4,,7
2025/10/17,4,,7
2025/10/18,4,,7
2025/10/19,4,,8
2025/10/20,4,,8
2025/10/21,4,,7
2025/10/22,4,,7
2025/10/23,4,,7
2025/10/24,4,,8
2025/10/25,4,,8
2025/10/26,4,,7
2025/10/27,4,,7
2025/10/28,4,,7
2025/10/29,4,,8
2025/10/30,4,,8
2025/10/31,4,,7
2025/11/1,4,,7
2025/11/2,4,,7
2025/9/3,5,,8
2025/9/4,5,,8
2025/9/5,5,,7
2025/9/6,5,,7
2025/9/7,5,,8
2025/9/8,5,,8
2025/9/9,5,,8
2025/9/10,5,,7
2025/9/11,5,,7
2025/9/12,5,,8
2025/9/13,5,,8
2025/9/14,5,,7
2025/9/15,5,,7
2025/9/16,5,,8
2025/9/17,5,,8
2025/9/18,5,,7
2025/9/19,5,,7
2025/9/20,5,,7
2025/9/21,5,,8
2025/9/22,5,,8
2025/9/23,5,,7
2025/9/24,5,,7
2025/9/25,5,,7
2025/9/26,5,,8
2025/9/27,5,,8
2025/9/28,5,,7
2025/9/29,5,,7
2025/9/30,5,,7
2025/10/1,5,,8
2025/10/2,5,,8
2025/10/3,5,,7
2025/10/4,5,,7
2025/10/5,5,,7
2025/10/6,5,,8
2025/10/7,5,,8
2025/10/8,5,,7
2025/10/9,5,,7
2025/10/10,5,,7
2025/10/11,5,,8
2025/10/12,5,,8
2025/10/13,5,,7
2025/10/14,5,,7
2025/10/15,5,,8
2025/10/16,5,,8
2025/10/17,5,,8
2025/10/18,5,,7
2025/10/19,5,,7
2025/10/20,5,,8
2025/10/21,5,,8
2025/10/22,5,,7
2025/10/23,5,,7
2025/10/24,5,,8
2025/10/25,5,,8
2025/10/26,5,,8
2025/10/27,5,,6
2025/10/28,5,,7
2025/10/29,5,,8
2025/10/30,5,,8
2025/10/31,5,,8
2025/11/1,5,,7
2025/11/2,5,,7
2025/9/3,6,,7
2025/9/4,6,,7
2025/9/5,6,,7
2025/9/6,6,,8
2025/9/7,6,,8
2025/9/8,6,,7
2025/9/9,6,,7
2025/9/10,6,,7
2025/9/11,6,,8
2025/9/12,6,,8
2025/9/13,6,,7
2025/9/14,6,,7
2025/9/15,6,,8
2025/9/16,6,,8
2025/9/17,6,,8
2025/9/18,6,,7
2025/9/19,6,,7
2025/9/20,6,,8
2025/9/21,6,,8
2025/9/22,6,,8
2025/9/23,6,,7
2025/9/24,6,,7
2025/9/25,6,,8
2025/9/26,6,,8
2025/9/27,6,,8
2025/9/28,6,,7
2025/9/29,6,,7
2025/9/30,6,,8
2025/10/1,6,,8
2025/10/2,6,,8
2025/10/3,6,,7
2025/10/4,6,,7
2025/10/5,6,,8
2025/10/6,6,,8
2025/10/7,6,,8
2025/10/8,6,,7
2025/10/9,6,,7
2025/10/10,6,,8
2025/10/11,6,,8
2025/10/12,6,,7
2025/10/13,6,,7
2025/10/14,6,,8
2025/10/15,6,,8
2025/10/16,6,,8
2025/10/17,6,,7
2025/10/18,6,,7
2025/10/19,6,,8
2025/10/20,6,,8
2025/10/21,6,,7
2025/10/22,6,,7
2025/10/23,6,,7
2025/10/24,6,,8
2025/10/25,6,,8
2025/10/26,6,,7
2025/10/27,6,,7
2025/10/28,6,,7
2025/10/29,6,,8
2025/10/30,6,,8
2025/10/31,6,,7
2025/11/1,6,,7
2025/11/2,6,,7
